{"mtx": [[6777.632573802608, 0.0, 665.4105079437508], [0.0, 6608.093443722225, 383.298601539026], [0.0, 0.0, 1.0]], "dist": [[-7.360647989811189, -125.78378916750766, 0.1527125021346129, -0.10775206008719121, 11544.113919680509]], "newcameramtx": [[5911.535525233936, 0.0, 633.6146202844759], [0.0, 5823.549227448325, 417.2261867140602], [0.0, 0.0, 1.0]], "roi": [31, 59, 1230, 890]}
